{
	"class_name" : "PinholeCameraParameters",
	"extrinsic" : 
	[
		1.0,
		-0.0,
		-0.0,
		0.0,
		0.0,
		1.0,
		-0.0,
		0.0,
		0.0,
		-0.0,
		1.0,
		0.0,
		-0.0,
		0.0,
		1.3775117183889889,
		1.0
	],
	"intrinsic" : 
	{
		"height" : 1360,
		"intrinsic_matrix" : 
		[
			1177.7945491468365,
			0.0,
			0.0,
			0.0,
			1177.7945491468365,
			0.0,
			637.5,
			679.5,
			1.0
		],
		"width" : 1276
	},
	"version_major" : 1,
	"version_minor" : 0
}